{
  "name": "tripbro-smart-travel-planner",
  "private": true,
  "version": "0.0.0",
  "type": "module",
  "scripts": {
    "dev": "vite",
    "build": "tsc && vite build",
    "preview": "vite preview"
  },
  "dependencies": {
    "@google/genai": "^1.27.0",
    "react": "^18.2.0",
    "react-dom": "^18.2.0"
  },
  "devDependencies": {
    "@types/node": "^20.12.12",
    "@types/react": "^18.2.0",
    "@types/react-dom": "^18.2.0",
    "@vitejs/plugin-react": "^4.2.1",
    "typescript": "^5.2.2",
    "vite": "^5.2.0"
  }
}
